<?xml version="1.0"?>

<!--
  ~ Copyright © 2018 IWD Agency - All rights reserved.
  ~ See LICENSE.txt bundled with this module for license details.
  -->
<config xmlns:xsi="http://www.w3.org/2001/XMLSchema-instance" xsi:noNamespaceSchemaLocation="urn:magento:framework:ObjectManager/etc/config.xsd">
    <type name="Magento\Checkout\Model\CompositeConfigProvider">
        <arguments>
            <argument name="configProviders" xsi:type="array">
                <item name="iwd_bluepay_config_provider" xsi:type="object">IWD\BluePay\Model\Ui\ConfigProvider</item>
            </argument>
        </arguments>
    </type>

    <type name="IWD\BluePay\Block\Info">
        <arguments>
            <argument name="data" xsi:type="array">
                <item xsi:type="string" name="is_secure_mode">1</item>
            </argument>
        </arguments>
    </type>

    <type name="Magento\Vault\Model\Ui\TokensConfigProvider">
        <arguments>
            <argument name="tokenUiComponentProviders" xsi:type="array">
                <item name="iwd_bluepay" xsi:type="object">IWD\BluePay\Model\Ui\TokenUiComponentProvider</item>
            </argument>
        </arguments>
    </type>
</config>
