<?xml version="1.0"?>
<!--
/**
 * Copyright © Yogesh Khasturi. All rights reserved.
 * See LICENSE.txt for license details.
 */
 -->
<config xmlns:xsi="http://www.w3.org/2001/XMLSchema-instance" xsi:noNamespaceSchemaLocation="urn:magento:module:Magento_Config:etc/system_file.xsd">
    <system>
        <tab id="yogeshkhasturi" translate="label" sortOrder="155">
            <label>Yogesh Khasturi</label>
        </tab>
        <section id="yogeshkhasturi_geoip" translate="label" type="text" sortOrder="130" showInDefault="1" showInWebsite="1" showInStore="1">
            <class>separator-top</class>
            <label>Geo IP Lock</label>
            <tab>yogeshkhasturi</tab>
            <resource>YogeshKhasturi_GeoIpRedirection::config_geoip_lock</resource>
            <group id="yogeshkhasturi_geo_lock" translate="label" type="text" sortOrder="10" showInDefault="1" showInWebsite="0" showInStore="0">
                <label>Geo IP Lock</label>
                <field id="enable" translate="label" type="select" sortOrder="1" showInDefault="1" showInWebsite="0" showInStore="0">
                    <label>Enable Geo IP Lock</label>
                    <source_model>Magento\Config\Model\Config\Source\Yesno</source_model>
                </field>
                <field id="countries" translate="label comment" type="multiselect" sortOrder="20" showInDefault="1" showInWebsite="1" showInStore="1">
                    <label>Countries</label>
                    <source_model>\Magento\Directory\Model\Config\Source\Country</source_model>
                    <comment>Select countries to which Access Rule will be applied</comment>
                </field>
                <field id="ip_black_list" translate="label comment" type="textarea" sortOrder="40" showInDefault="1" showInWebsite="1" showInStore="1">
                    <label>IP Black List</label>
                    <comment><![CDATA[<b>Example:</b><br/>123.123.123.123,124.124.124.124]]></comment>
                </field>
                <field id="api_key_ipstack" translate="label comment" type="text" sortOrder="45" showInDefault="1" showInWebsite="1" showInStore="1">
                    <label>API Key For Geolocation(IP Stack)</label>
                    <comment><![CDATA[<p>You can find your API Key from here <a href='https://ipstack.com/' target='_blank'>ipstack.com</a>]]></comment>
                </field>
            </group>
            <group id="yogeshkhasturi_geo_redirection" translate="label" type="text" sortOrder="10" showInDefault="1" showInWebsite="0" showInStore="0">
                <label>Geo IP Redirection</label>
                <field id="enable_geo_redirection" translate="label" type="select" sortOrder="1" showInDefault="1" showInWebsite="0" showInStore="0">
                    <label>Enable Geo IP Redirection</label>
                    <source_model>Magento\Config\Model\Config\Source\Yesno</source_model>
                </field>
            </group>
        </section>
    </system>
</config>
