<?xml version="1.0"?>
<!--
/**
 * Attachments
 * 
 * @author Slava Yurthev
 */
-->
<config xmlns:xsi="http://www.w3.org/2001/XMLSchema-instance" xsi:noNamespaceSchemaLocation="urn:magento:framework:ObjectManager/etc/config.xsd">
	<preference for="SY\Attachments\Api\Data\FileInterface" type="SY\Attachments\Model\File" />
	<virtualType name="SYAttachmentsGridFilterPool" type="Magento\Framework\View\Element\UiComponent\DataProvider\FilterPool">
		<arguments>
			<argument name="appliers" xsi:type="array">
				<item name="regular" xsi:type="object">Magento\Framework\View\Element\UiComponent\DataProvider\RegularFilter</item>
				<item name="fulltext" xsi:type="object">Magento\Framework\View\Element\UiComponent\DataProvider\FulltextFilter</item>
			</argument>
		</arguments>
	</virtualType>
	<virtualType name="SYAttachmentsGridDataProvider" type="Magento\Framework\View\Element\UiComponent\DataProvider\DataProvider">
		<arguments>
			<argument name="collection" xsi:type="object" shared="false">SY\Attachments\Model\ResourceModel\File\Collection</argument>
			<argument name="filterPool" xsi:type="object" shared="false">SYAttachmentsGridFilterPool</argument>
		</arguments>
	</virtualType>
	<virtualType name="SY\Attachments\Model\ResourceModel\File\Grid\Collection" type="Magento\Framework\View\Element\UiComponent\DataProvider\SearchResult">
		<arguments>
			<argument name="mainTable" xsi:type="string">sy_attachments_files</argument>
			<argument name="resourceModel" xsi:type="string">SY\Attachments\Model\ResourceModel\File</argument>
		</arguments>
	</virtualType>
	<type name="Magento\Framework\View\Element\UiComponent\DataProvider\CollectionFactory">
		<arguments>
			<argument name="collections" xsi:type="array">
				<item name="sy_attachments_files_data_source" xsi:type="string">SY\Attachments\Model\ResourceModel\File\Grid\Collection</item>
			</argument>
		</arguments>
	</type>
</config>