<?xml version="1.0"?>
<!--
  ~ Copyright © 2018 IWD Agency - All rights reserved.
  ~ See LICENSE.txt bundled with this module for license details.
  -->
<config xmlns:xsi="http://www.w3.org/2001/XMLSchema-instance" xsi:noNamespaceSchemaLocation="urn:magento:framework:Module/etc/module.xsd">
    <module name="IWD_BluePay" setup_version="1.1.0">
        <sequence>
            <module name="Magento_Customer"/>
            <module name="Magento_Payment"/>
            <module name="Magento_Checkout"/>
            <module name="Magento_Quote"/>
            <module name="Magento_Vault"/>
            <module name="IWD_Opc"/>
        </sequence>
    </module>
</config>
