<?xml version="1.0"?>
<config xmlns:xsi="http://www.w3.org/2001/XMLSchema-instance" xsi:noNamespaceSchemaLocation="urn:magento:module:Magento_Config:etc/system_file.xsd">
    <system>
        <tab id="meetanshi" translate="label" sortOrder="50">
            <label><![CDATA[<img src="https://meetanshi.com/media/logo.png" alt="Meetanshi" height="20" style="vertical-align:middle;"/>]]></label>
        </tab>
        <section id="currencyswitcher" translate="label" type="text" sortOrder="20" showInDefault="1" showInWebsite="1" showInStore="1">
            <label>Currency Switcher</label>
            <tab>meetanshi</tab>
            <resource>Meetanshi_CurrencySwitcher::currencyswitcher</resource>
            <group id="general" translate="label" type="text" sortOrder="10" showInDefault="1" showInWebsite="1" showInStore="1">
                <label>Configuration</label>
                <field id="enable" translate="label comment" type="select" sortOrder="10" showInDefault="1" showInWebsite="1" showInStore="1">
                    <label>Currency Switcher</label>
                    <source_model>Magento\Config\Model\Config\Source\Enabledisable</source_model>
                </field>
            </group>
        </section>
    </system>
</config>
