<?xml version="1.0"?>
<!--
/**
 * Attachments
 * 
 * @author Slava Yurthev
 */
-->
<config xmlns:xsi="http://www.w3.org/2001/XMLSchema-instance" xsi:noNamespaceSchemaLocation="urn:magento:framework:ObjectManager/etc/config.xsd">
	<type name="Magento\Framework\Notification\MessageList">
		<arguments>
			<argument name="messages" xsi:type="array">
				<item name="SYAdvertisment" xsi:type="string">SY\Attachments\Model\System\Message\Advertisment</item>
			</argument>
		</arguments>
	</type>
</config>