<?xml version="1.0"?>
<!--
/**
 * Copyright © Yogesh Khasturi. All rights reserved.
 * See LICENSE.txt for license details.
 */
 -->
<config xmlns:xsi="http://www.w3.org/2001/XMLSchema-instance" xsi:noNamespaceSchemaLocation="urn:magento:framework:Acl/etc/acl.xsd">
    <acl>
        <resources>
            <resource id="Magento_Backend::admin">
                <resource id="Magento_Backend::stores">
                    <resource id="Magento_Backend::stores_settings">
                        <resource id="Magento_Config::config" title="Configuration" sortOrder="25">
                            <resource id="YogeshKhasturi_GeoIpRedirection::config_geoip_lock" title="Geo Ip Redirection and Lock Section" sortOrder="20" />
                        </resource>
                    </resource>
                </resource>
            </resource>
        </resources>
    </acl>
</config>
