<?xml version="1.0"?>
<!--
  ~ Copyright © 2018 IWD Agency - All rights reserved.
  ~ See LICENSE.txt bundled with this module for license details.
  -->
<config xmlns:xsi="http://www.w3.org/2001/XMLSchema-instance" xsi:noNamespaceSchemaLocation="urn:magento:framework:ObjectManager/etc/config.xsd">
    <virtualType name="Magento\Catalog\Ui\DataProvider\Product\Form\Modifier\Pool">
        <arguments>
            <argument name="modifiers" xsi:type="array">
                <item name="subs_options" xsi:type="array">
                    <item name="class" xsi:type="string">IWD\BluePaySubs\Ui\DataProvider\Product\Form\Modifier\SubscriptionOptions</item>
                    <item name="sortOrder" xsi:type="number">200</item>
                </item>
            </argument>
        </arguments>
    </virtualType>
</config>
