<?xml version="1.0" ?>
<!--
  ~ Copyright © 2018 IWD Agency - All rights reserved.
  ~ See LICENSE.txt bundled with this module for license details.
  -->
<config xmlns:xsi="http://www.w3.org/2001/XMLSchema-instance" xsi:noNamespaceSchemaLocation="urn:magento:framework:Acl/etc/acl.xsd">
    <acl>
        <resources>
            <resource id="Magento_Backend::admin">
                <resource id="Magento_Sales::sales" title="Sales" sortOrder="20">
                    <resource id="Magento_Sales::sales_operation" title="Operations" sortOrder="10">
                        <resource id="IWD_BluePaySubs::bsubs" title="Subscriptions" sortOrder="500" >
                            <resource id="IWD_BluePaySubs::bsubs_manage" title="Manage Subscriptions" sortOrder="100" />
                        </resource>
                    </resource>
                </resource>
            </resource>
        </resources>
    </acl>
</config>
