<?xml version="1.0"?>
<!--
/**
 * Copyright © Magento, Inc. All rights reserved.
 * See COPYING.txt for license details.
 */
-->
<config xmlns:xsi="http://www.w3.org/2001/XMLSchema-instance" xsi:noNamespaceSchemaLocation="urn:magento:framework:ObjectManager/etc/config.xsd">
    <type name="Magento\Vault\Model\Ui\Adminhtml\TokensConfigProvider">
        <arguments>
            <argument name="tokenUiComponentProviders" xsi:type="array">
                <item name="iwd_bluepay" xsi:type="object">IWD\BluePay\Model\Ui\Adminhtml\TokenUiComponentProvider</item>
            </argument>
        </arguments>
    </type>
</config>
