<?xml version="1.0"?>
<!--
  ~ Copyright © 2018 IWD Agency - All rights reserved.
  ~ See LICENSE.txt bundled with this module for license details.
  -->
<config xmlns:xsi="http://www.w3.org/2001/XMLSchema-instance"
        xsi:noNamespaceSchemaLocation="urn:magento:module:Magento_Config:etc/system_file.xsd">
    <system>
        <section id="payment">
            <group id="iwd_bluepay" translate="label" sortOrder="110" type="text" showInDefault="1" showInWebsite="1" showInStore="1">
                <label>Blue Pay (by IWD)</label>
                <field id="register_info" translate="label comment" type="text" sortOrder="1" showInDefault="1" showInWebsite="1" showInStore="1">
                    <frontend_model>IWD\BluePay\Block\Adminhtml\System\Config\RegisterInfo</frontend_model>
                </field>
                <field id="active" translate="label" type="select" sortOrder="10" showInDefault="1" showInWebsite="1"
                       showInStore="0">
                    <label>Enable this Solution</label>
                    <source_model>Magento\Config\Model\Config\Source\Yesno</source_model>
                    <config_path>payment/iwd_bluepay/active</config_path>
                </field>
                <field id="iwd_bluepay_cc_vault_active" translate="label" type="select" sortOrder="12" showInDefault="1" showInWebsite="1" showInStore="0">
                    <label>Vault Enabled</label>
                    <source_model>Magento\Config\Model\Config\Source\Yesno</source_model>
                    <config_path>payment/iwd_bluepay_cc_vault/active</config_path>
                </field>
                <field id="internal_cc_vault_active" translate="label" type="select" sortOrder="14" showInDefault="1" showInWebsite="1" showInStore="0">
                    <label>Internal Vault Enabled</label>
                    <source_model>Magento\Config\Model\Config\Source\Yesno</source_model>
                    <comment>Enable this feature if Magento_Vault module unavailable (for previous versions)</comment>
                    <depends>
                        <field id="iwd_bluepay_cc_vault_active">0</field>
                    </depends>
                </field>
                <field id="title" translate="label" type="text" sortOrder="20" showInDefault="1" showInWebsite="1"
                       showInStore="1">
                    <label>Title</label>
                    <config_path>payment/iwd_bluepay/title</config_path>
                </field>
                <field id="account_id" translate="label" type="obscure" sortOrder="30" showInDefault="1" showInWebsite="1" showInStore="0">
                    <label>Account ID</label>
                    <backend_model>IWD\BluePay\Model\Adminhtml\System\Config\Backend\Encrypted</backend_model>
                </field>
                <field id="secret_key" translate="label" type="obscure" sortOrder="40" showInDefault="1" showInWebsite="1" showInStore="0">
                    <label>Secret Key</label>
                    <backend_model>IWD\BluePay\Model\Adminhtml\System\Config\Backend\Encrypted</backend_model>
                </field>
                <field id="payment_action" translate="label" type="select" sortOrder="50" showInDefault="1"
                       showInWebsite="1" showInStore="0">
                    <label>Payment Action</label>
                    <source_model>IWD\BluePay\Model\Adminhtml\Source\PaymentAction</source_model>
                    <config_path>payment/iwd_bluepay/payment_action</config_path>
                </field>
                <field id="payment_type" translate="label comment" type="select" sortOrder="60" showInDefault="1" showInWebsite="1" showInStore="0">
                    <label>Payment Type</label>
                    <source_model>IWD\BluePay\Model\Adminhtml\Source\PaymentType</source_model>
                    <comment><![CDATA[eCheck available only with 'Sale' payment action. By default, credit card is uses]]></comment>
                    <depends>
                        <field id="payment_action">authorize_capture</field>
                    </depends>
                </field>
                <field id="trans_mode" translate="label" type="select" sortOrder="70" showInDefault="1" showInWebsite="1" showInStore="0">
                    <label>Transaction Mode</label>
                    <source_model>IWD\BluePay\Model\Adminhtml\Source\TransactionMode</source_model>
                </field>
                <field id="cctypes" translate="label" type="multiselect" sortOrder="80" showInDefault="1" showInWebsite="1" showInStore="0">
                    <label>Credit Card Types</label>
                    <source_model>IWD\BluePay\Model\Adminhtml\Source\Cctype</source_model>
                </field>
                <field id="allowspecific" translate="label" type="allowspecific" sortOrder="90" showInDefault="1" showInWebsite="1" showInStore="0">
                    <label>Payment from Applicable Countries</label>
                    <source_model>Magento\Payment\Model\Config\Source\Allspecificcountries</source_model>
                    <config_path>payment/iwd_bluepay/allowspecific</config_path>
                </field>
                <field id="specificcountry" translate="label" type="multiselect" sortOrder="100" showInDefault="1" showInWebsite="1" showInStore="0">
                    <label>Payment from Specific Countries</label>
                    <source_model>Magento\Directory\Model\Config\Source\Country</source_model>
                    <can_be_empty>1</can_be_empty>
                    <config_path>payment/iwd_bluepay/specificcountry</config_path>
                </field>
                <field id="merchant_name_override" translate="label" type="text" sortOrder="110" showInDefault="1" showInWebsite="1" showInStore="1">
                    <label>Override Merchant Name</label>
                    <config_path>payment/iwd_bluepay/merchant_name_override</config_path>
                </field>
                <field id="tokenization" translate="label" type="select" sortOrder="120" showInDefault="1" showInWebsite="1" showInStore="0">
                    <label>Allow Customers To Store Payment Methods</label>
                    <source_model>Magento\Config\Model\Config\Source\Yesno</source_model>
                </field>
                <field id="debug" translate="label comment" type="select" sortOrder="200" showInDefault="1" showInWebsite="1" showInStore="0">
                    <label>Debug</label>
                    <comment><![CDATA['Log to file' option must be enabled in developer system configs.]]></comment>
                    <source_model>Magento\Config\Model\Config\Source\Yesno</source_model>
                    <config_path>payment/iwd_bluepay/debug</config_path>
                </field>
                <field id="sort_order" translate="label" type="text" sortOrder="300" showInDefault="1" showInWebsite="1" showInStore="0">
                    <label>Sort Order</label>
                    <frontend_class>validate-number</frontend_class>
                    <config_path>payment/iwd_bluepay/sort_order</config_path>
                </field>
            </group>
        </section>
    </system>
</config>
